INSERT INTO Patients(PatientName, DOB, Gender, Address) VALUES
    ('Mary Adams', '1979-04-25', 'Female', '123 City Ln'),
    ('John Lee', '1985-02-19', 'Male', '45 Market St'),
    ('Sara Kim', '1992-11-03', 'Female', '89 Sunset Ave'),
    ('Daniel Ruiz', '1978-07-14', 'Male', '12 Oak Dr'),
    ('Maya Patel', '2001-09-21', 'Female', '56 River Rd'),
    ('David Chen', '1989-01-30', 'Male', '77 Hillcrest Ct'),
    ('Emma Brown', '1995-04-12', 'Female', '900 Maple Blvd'),
    ('Lucas Johnson', '2000-12-01', 'Male', '22 Grove St'),
    ('Ava White', '1998-05-17', 'Female', '400 Pine Ln'),
    ('Oliver King', '1975-02-08', 'Male', '88 Fremont Way'),
    ('Noah Davis', '1990-06-27', 'Male', '29 Blossom Ct'),
    ('Chloe Nguyen', '1987-10-10', 'Female', '900 Canyon Rd'),
    ('Liam Garcia', '1993-03-04', 'Male', '125 Spring St'),
    ('Zoe Wilson', '2002-08-11', 'Female', '642 Bayview Ave'),
    ('Ethan Smith', '1981-12-19', 'Male', '501 Elm St');

INSERT INTO Doctors(DoctorName, PhoneNumber, Department) VALUES
     ('Joe Miller', '213-212-2131', 'Emergency'),
     ('Alice Wong', '415-555-1290', 'Cardiology'),
     ('Robert Thomas', '310-221-4588', 'Pediatrics'),
     ('Helen Carter', '650-334-9900', 'Dermatology'),
     ('Michael Jones', '408-889-2001', 'Oncology'),
     ('Sarah Evans', '510-333-2211', 'Neurology'),
     ('Kevin Lopez', '213-900-8811', 'Orthopedics'),
     ('Laura Kim', '714-204-9933', 'Gastroenterology'),
     ('James Diaz', '909-441-7744', 'Radiology'),
     ('Emily Ross', '323-811-8810', 'Family Medicine'),
     ('Patrick Hill', '562-120-3399', 'Urgent Care'),
     ('Ashley Rivera', '310-900-4432', 'Endocrinology'),
     ('Henry Brooks', '650-771-6621', 'Surgery'),
     ('Isabella Reed', '408-995-1122', 'Psychiatry'),
     ('Victor Chan', '714-777-3004', 'Internal Medicine');

INSERT INTO Appointments(PatientID, DoctorID, ApptTime, Status) VALUES
    (1, 1, '2025-11-17 09:00:00', 'Completed'),
    (2, 3, '2025-11-18 10:00:00', 'Scheduled'),
    (3, 2, '2025-11-19 14:00:00', 'Completed'),
    (4, 5, '2025-11-20 16:00:00', 'Completed'),
    (5, 4, '2025-11-21 11:00:00', 'Scheduled'),
    (6, 6, '2025-11-22 15:30:00', 'Completed'),
    (7, 8, '2025-11-22 17:00:00', 'Scheduled'),
    (8, 9, '2025-11-23 09:15:00', 'Completed'),
    (9, 7, '2025-11-23 13:00:00', 'Completed'),
    (10, 10, '2025-11-24 08:00:00', 'Completed'),
    (11, 12, '2025-11-25 12:30:00', 'Scheduled'),
    (12, 11, '2025-11-25 15:00:00', 'Completed'),
    (13, 13, '2025-11-26 09:45:00', 'Scheduled'),
    (14, 15, '2025-11-27 14:30:00', 'Completed'),
    (15, 14, '2025-11-28 11:15:00', 'Scheduled');

INSERT INTO Prescriptions(PrescriptionDate, PatientID, PrescriptionName, Dose, Quantity, Refills, PrescriptionStatus) VALUES
  ('2025-01-12', 1, 'Amoxicillin', '500mg', 30, 2, 'Filled'),
  ('2025-02-05', 2, 'Lisinopril', '10mg', 90, 0, 'Completed'),
  ('2025-02-18', 3, 'Metformin', '850mg', 60, 1, 'Completed'),
  ('2025-03-10', 4, 'Cetirizine', '10mg', 30, 3, 'Processing'),
  ('2025-03-22', 5, 'Albuterol HFA', '90mcg/puff', 1, 1, 'Processing'),
  ('2025-04-01', 6, 'Cholecalciferol', '5000 IU', 90, 5, 'Filled'),
  ('2025-04-14', 7, 'Ibuprofen', '600mg', 20, 0, 'Filled'),
  ('2025-05-03', 8, 'Atorvastatin', '20mg', 30, 3, 'Completed'),
  ('2025-05-22', 9, 'Hydrochlorothiazide', '25mg', 90, 0, 'Completed'),
  ('2025-06-10', 10, 'Gabapentin', '300mg', 60, 2, 'Processing'),
  ('2025-06-28', 11, 'Omeprazole', '40mg', 30, 1, 'Processing'),
  ('2025-07-19', 12, 'Levothyroxine', '50mcg', 90, 5, 'Filled'),
  ('2025-08-07', 13, 'Sertraline', '50mg', 30, 0, 'Completed'),
  ('2025-08-28', 14, 'Doxycycline', '100mg', 14, 0, 'Processing'),
  ('2025-09-15', 15, 'Tamsulosin', '0.4mg', 30, 3, 'Processing');

INSERT INTO MedicalRecords(PatientID, DoctorID, PrescriptionID, VisitDate) VALUES
   (1, 1, 1, '2025-01-12'),
   (2, 3, 2, '2025-02-05'),
   (3, 2, 3, '2025-02-18'),
   (4, 5, 4, '2025-03-10'),
   (5, 4, 5, '2025-03-22'),
   (6, 6, 6, '2025-04-01'),
   (7, 8, 7, '2025-04-14'),
   (8, 9, 8, '2025-05-03'),
   (9, 7, 9, '2025-05-22'),
   (10, 10, 10, '2025-06-10'),
   (11, 12, 11, '2025-06-28'),
   (12, 11, 12, '2025-07-19'),
   (13, 13, 13, '2025-08-07'),
   (14, 15, 14, '2025-08-28'),
   (15, 14, 15, '2025-09-15');